-- phpMyAdmin SQL Dump
-- version 5.2.1
-- https://www.phpmyadmin.net/
--
-- Host: 127.0.0.1
-- Generation Time: Mar 06, 2025 at 11:09 AM
-- Server version: 11.7.2-MariaDB
-- PHP Version: 8.2.12

SET SQL_MODE = "NO_AUTO_VALUE_ON_ZERO";
START TRANSACTION;
SET time_zone = "+00:00";


/*!40101 SET @OLD_CHARACTER_SET_CLIENT=@@CHARACTER_SET_CLIENT */;
/*!40101 SET @OLD_CHARACTER_SET_RESULTS=@@CHARACTER_SET_RESULTS */;
/*!40101 SET @OLD_COLLATION_CONNECTION=@@COLLATION_CONNECTION */;
/*!40101 SET NAMES utf8mb4 */;

--
-- Database: `book_exchange`
--

-- --------------------------------------------------------

--
-- Table structure for table `auth_group`
--

CREATE TABLE `auth_group` (
  `id` int(11) NOT NULL,
  `name` varchar(150) NOT NULL
) ENGINE=InnoDB DEFAULT CHARSET=utf8mb4 COLLATE=utf8mb4_general_ci;

-- --------------------------------------------------------

--
-- Table structure for table `auth_group_permissions`
--

CREATE TABLE `auth_group_permissions` (
  `id` bigint(20) NOT NULL,
  `group_id` int(11) NOT NULL,
  `permission_id` int(11) NOT NULL
) ENGINE=InnoDB DEFAULT CHARSET=utf8mb4 COLLATE=utf8mb4_general_ci;

-- --------------------------------------------------------

--
-- Table structure for table `auth_permission`
--

CREATE TABLE `auth_permission` (
  `id` int(11) NOT NULL,
  `name` varchar(255) NOT NULL,
  `content_type_id` int(11) NOT NULL,
  `codename` varchar(100) NOT NULL
) ENGINE=InnoDB DEFAULT CHARSET=utf8mb4 COLLATE=utf8mb4_general_ci;

--
-- Dumping data for table `auth_permission`
--

INSERT INTO `auth_permission` (`id`, `name`, `content_type_id`, `codename`) VALUES
(1, 'Can add log entry', 1, 'add_logentry'),
(2, 'Can change log entry', 1, 'change_logentry'),
(3, 'Can delete log entry', 1, 'delete_logentry'),
(4, 'Can view log entry', 1, 'view_logentry'),
(5, 'Can add permission', 2, 'add_permission'),
(6, 'Can change permission', 2, 'change_permission'),
(7, 'Can delete permission', 2, 'delete_permission'),
(8, 'Can view permission', 2, 'view_permission'),
(9, 'Can add group', 3, 'add_group'),
(10, 'Can change group', 3, 'change_group'),
(11, 'Can delete group', 3, 'delete_group'),
(12, 'Can view group', 3, 'view_group'),
(13, 'Can add content type', 4, 'add_contenttype'),
(14, 'Can change content type', 4, 'change_contenttype'),
(15, 'Can delete content type', 4, 'delete_contenttype'),
(16, 'Can view content type', 4, 'view_contenttype'),
(17, 'Can add session', 5, 'add_session'),
(18, 'Can change session', 5, 'change_session'),
(19, 'Can delete session', 5, 'delete_session'),
(20, 'Can view session', 5, 'view_session'),
(21, 'Can add user', 6, 'add_customuser'),
(22, 'Can change user', 6, 'change_customuser'),
(23, 'Can delete user', 6, 'delete_customuser'),
(24, 'Can view user', 6, 'view_customuser');

-- --------------------------------------------------------

--
-- Table structure for table `django_admin_log`
--

CREATE TABLE `django_admin_log` (
  `id` int(11) NOT NULL,
  `action_time` datetime(6) NOT NULL,
  `object_id` longtext DEFAULT NULL,
  `object_repr` varchar(200) NOT NULL,
  `action_flag` smallint(5) UNSIGNED NOT NULL CHECK (`action_flag` >= 0),
  `change_message` longtext NOT NULL,
  `content_type_id` int(11) DEFAULT NULL,
  `user_id` bigint(20) NOT NULL
) ENGINE=InnoDB DEFAULT CHARSET=utf8mb4 COLLATE=utf8mb4_general_ci;

-- --------------------------------------------------------

--
-- Table structure for table `django_content_type`
--

CREATE TABLE `django_content_type` (
  `id` int(11) NOT NULL,
  `app_label` varchar(100) NOT NULL,
  `model` varchar(100) NOT NULL
) ENGINE=InnoDB DEFAULT CHARSET=utf8mb4 COLLATE=utf8mb4_general_ci;

--
-- Dumping data for table `django_content_type`
--

INSERT INTO `django_content_type` (`id`, `app_label`, `model`) VALUES
(1, 'admin', 'logentry'),
(3, 'auth', 'group'),
(2, 'auth', 'permission'),
(4, 'contenttypes', 'contenttype'),
(5, 'sessions', 'session'),
(6, 'user', 'customuser');

-- --------------------------------------------------------

--
-- Table structure for table `django_migrations`
--

CREATE TABLE `django_migrations` (
  `id` bigint(20) NOT NULL,
  `app` varchar(255) NOT NULL,
  `name` varchar(255) NOT NULL,
  `applied` datetime(6) NOT NULL
) ENGINE=InnoDB DEFAULT CHARSET=utf8mb4 COLLATE=utf8mb4_general_ci;

--
-- Dumping data for table `django_migrations`
--

INSERT INTO `django_migrations` (`id`, `app`, `name`, `applied`) VALUES
(1, 'contenttypes', '0001_initial', '2025-03-05 19:26:48.001325'),
(2, 'contenttypes', '0002_remove_content_type_name', '2025-03-05 19:26:48.288320'),
(3, 'auth', '0001_initial', '2025-03-05 19:26:49.168243'),
(4, 'auth', '0002_alter_permission_name_max_length', '2025-03-05 19:26:49.360534'),
(5, 'auth', '0003_alter_user_email_max_length', '2025-03-05 19:26:49.438117'),
(6, 'auth', '0004_alter_user_username_opts', '2025-03-05 19:26:49.465843'),
(7, 'auth', '0005_alter_user_last_login_null', '2025-03-05 19:26:49.501602'),
(8, 'auth', '0006_require_contenttypes_0002', '2025-03-05 19:26:49.529114'),
(9, 'auth', '0007_alter_validators_add_error_messages', '2025-03-05 19:26:49.570725'),
(10, 'auth', '0008_alter_user_username_max_length', '2025-03-05 19:26:49.611407'),
(11, 'auth', '0009_alter_user_last_name_max_length', '2025-03-05 19:26:49.635044'),
(12, 'auth', '0010_alter_group_name_max_length', '2025-03-05 19:26:49.715528'),
(13, 'auth', '0011_update_proxy_permissions', '2025-03-05 19:26:49.748204'),
(14, 'auth', '0012_alter_user_first_name_max_length', '2025-03-05 19:26:49.779437'),
(15, 'user', '0001_initial', '2025-03-05 19:26:50.995385'),
(16, 'admin', '0001_initial', '2025-03-05 19:26:51.395928'),
(17, 'admin', '0002_logentry_remove_auto_add', '2025-03-05 19:26:51.437105'),
(18, 'admin', '0003_logentry_add_action_flag_choices', '2025-03-05 19:26:51.499397'),
(19, 'sessions', '0001_initial', '2025-03-05 19:26:51.683763'),
(20, 'user', '0002_rename_picture_customuser_profile_picture', '2025-03-05 19:26:51.834504'),
(21, 'user', '0003_alter_customuser_mobile_no', '2025-03-06 09:52:22.895058');

-- --------------------------------------------------------

--
-- Table structure for table `django_session`
--

CREATE TABLE `django_session` (
  `session_key` varchar(40) NOT NULL,
  `session_data` longtext NOT NULL,
  `expire_date` datetime(6) NOT NULL
) ENGINE=InnoDB DEFAULT CHARSET=utf8mb4 COLLATE=utf8mb4_general_ci;

-- --------------------------------------------------------

--
-- Table structure for table `user_customuser`
--

CREATE TABLE `user_customuser` (
  `id` bigint(20) NOT NULL,
  `password` varchar(128) NOT NULL,
  `last_login` datetime(6) DEFAULT NULL,
  `is_superuser` tinyint(1) NOT NULL,
  `username` varchar(150) NOT NULL,
  `first_name` varchar(150) NOT NULL,
  `last_name` varchar(150) NOT NULL,
  `email` varchar(254) NOT NULL,
  `is_staff` tinyint(1) NOT NULL,
  `is_active` tinyint(1) NOT NULL,
  `date_joined` datetime(6) NOT NULL,
  `mobile_no` varchar(11) NOT NULL,
  `address` longtext NOT NULL,
  `profile_picture` varchar(100) DEFAULT NULL,
  `is_approved` tinyint(1) NOT NULL
) ENGINE=InnoDB DEFAULT CHARSET=utf8mb4 COLLATE=utf8mb4_general_ci;

--
-- Dumping data for table `user_customuser`
--

INSERT INTO `user_customuser` (`id`, `password`, `last_login`, `is_superuser`, `username`, `first_name`, `last_name`, `email`, `is_staff`, `is_active`, `date_joined`, `mobile_no`, `address`, `profile_picture`, `is_approved`) VALUES
(1, 'pbkdf2_sha256$870000$fr9TFAmK3HQDwTf1HsZkCV$T0bPEQ6jma8vJZRiCqkVHv8aY8bw5huZitmXfezUf3Y=', '2025-03-06 09:55:28.715124', 1, 'admin', '', '', 'admin@gmail.com', 1, 1, '2025-03-05 19:27:48.652110', '', '', '', 0),
(2, 'pbkdf2_sha256$870000$mygqu0WuRQ6rEv6hTn2epf$RpHTjGm9uczzjP0ueyJmsP8jI0HOOf/8o6bPIL3yK+0=', '2025-03-06 09:56:54.023374', 0, 'Asad', 'Asad', 'Ahmad', 'asad@gmail.com', 0, 1, '2025-03-06 09:54:12.002887', '12345678888', '1\r\n2', 'profile_pics/22Capture.PNG', 1);

-- --------------------------------------------------------

--
-- Table structure for table `user_customuser_groups`
--

CREATE TABLE `user_customuser_groups` (
  `id` bigint(20) NOT NULL,
  `customuser_id` bigint(20) NOT NULL,
  `group_id` int(11) NOT NULL
) ENGINE=InnoDB DEFAULT CHARSET=utf8mb4 COLLATE=utf8mb4_general_ci;

-- --------------------------------------------------------

--
-- Table structure for table `user_customuser_user_permissions`
--

CREATE TABLE `user_customuser_user_permissions` (
  `id` bigint(20) NOT NULL,
  `customuser_id` bigint(20) NOT NULL,
  `permission_id` int(11) NOT NULL
) ENGINE=InnoDB DEFAULT CHARSET=utf8mb4 COLLATE=utf8mb4_general_ci;

--
-- Indexes for dumped tables
--

--
-- Indexes for table `auth_group`
--
ALTER TABLE `auth_group`
  ADD PRIMARY KEY (`id`),
  ADD UNIQUE KEY `name` (`name`);

--
-- Indexes for table `auth_group_permissions`
--
ALTER TABLE `auth_group_permissions`
  ADD PRIMARY KEY (`id`),
  ADD UNIQUE KEY `auth_group_permissions_group_id_permission_id_0cd325b0_uniq` (`group_id`,`permission_id`),
  ADD KEY `auth_group_permissio_permission_id_84c5c92e_fk_auth_perm` (`permission_id`);

--
-- Indexes for table `auth_permission`
--
ALTER TABLE `auth_permission`
  ADD PRIMARY KEY (`id`),
  ADD UNIQUE KEY `auth_permission_content_type_id_codename_01ab375a_uniq` (`content_type_id`,`codename`);

--
-- Indexes for table `django_admin_log`
--
ALTER TABLE `django_admin_log`
  ADD PRIMARY KEY (`id`),
  ADD KEY `django_admin_log_content_type_id_c4bce8eb_fk_django_co` (`content_type_id`),
  ADD KEY `django_admin_log_user_id_c564eba6_fk_user_customuser_id` (`user_id`);

--
-- Indexes for table `django_content_type`
--
ALTER TABLE `django_content_type`
  ADD PRIMARY KEY (`id`),
  ADD UNIQUE KEY `django_content_type_app_label_model_76bd3d3b_uniq` (`app_label`,`model`);

--
-- Indexes for table `django_migrations`
--
ALTER TABLE `django_migrations`
  ADD PRIMARY KEY (`id`);

--
-- Indexes for table `django_session`
--
ALTER TABLE `django_session`
  ADD PRIMARY KEY (`session_key`),
  ADD KEY `django_session_expire_date_a5c62663` (`expire_date`);

--
-- Indexes for table `user_customuser`
--
ALTER TABLE `user_customuser`
  ADD PRIMARY KEY (`id`),
  ADD UNIQUE KEY `username` (`username`);

--
-- Indexes for table `user_customuser_groups`
--
ALTER TABLE `user_customuser_groups`
  ADD PRIMARY KEY (`id`),
  ADD UNIQUE KEY `user_customuser_groups_customuser_id_group_id_e0a2f621_uniq` (`customuser_id`,`group_id`),
  ADD KEY `user_customuser_groups_group_id_bcbc9e48_fk_auth_group_id` (`group_id`);

--
-- Indexes for table `user_customuser_user_permissions`
--
ALTER TABLE `user_customuser_user_permissions`
  ADD PRIMARY KEY (`id`),
  ADD UNIQUE KEY `user_customuser_user_per_customuser_id_permission_a5da865d_uniq` (`customuser_id`,`permission_id`),
  ADD KEY `user_customuser_user_permission_id_e57e8b9a_fk_auth_perm` (`permission_id`);

--
-- AUTO_INCREMENT for dumped tables
--

--
-- AUTO_INCREMENT for table `auth_group`
--
ALTER TABLE `auth_group`
  MODIFY `id` int(11) NOT NULL AUTO_INCREMENT;

--
-- AUTO_INCREMENT for table `auth_group_permissions`
--
ALTER TABLE `auth_group_permissions`
  MODIFY `id` bigint(20) NOT NULL AUTO_INCREMENT;

--
-- AUTO_INCREMENT for table `auth_permission`
--
ALTER TABLE `auth_permission`
  MODIFY `id` int(11) NOT NULL AUTO_INCREMENT, AUTO_INCREMENT=25;

--
-- AUTO_INCREMENT for table `django_admin_log`
--
ALTER TABLE `django_admin_log`
  MODIFY `id` int(11) NOT NULL AUTO_INCREMENT;

--
-- AUTO_INCREMENT for table `django_content_type`
--
ALTER TABLE `django_content_type`
  MODIFY `id` int(11) NOT NULL AUTO_INCREMENT, AUTO_INCREMENT=7;

--
-- AUTO_INCREMENT for table `django_migrations`
--
ALTER TABLE `django_migrations`
  MODIFY `id` bigint(20) NOT NULL AUTO_INCREMENT, AUTO_INCREMENT=22;

--
-- AUTO_INCREMENT for table `user_customuser`
--
ALTER TABLE `user_customuser`
  MODIFY `id` bigint(20) NOT NULL AUTO_INCREMENT, AUTO_INCREMENT=3;

--
-- AUTO_INCREMENT for table `user_customuser_groups`
--
ALTER TABLE `user_customuser_groups`
  MODIFY `id` bigint(20) NOT NULL AUTO_INCREMENT;

--
-- AUTO_INCREMENT for table `user_customuser_user_permissions`
--
ALTER TABLE `user_customuser_user_permissions`
  MODIFY `id` bigint(20) NOT NULL AUTO_INCREMENT;

--
-- Constraints for dumped tables
--

--
-- Constraints for table `auth_group_permissions`
--
ALTER TABLE `auth_group_permissions`
  ADD CONSTRAINT `auth_group_permissio_permission_id_84c5c92e_fk_auth_perm` FOREIGN KEY (`permission_id`) REFERENCES `auth_permission` (`id`),
  ADD CONSTRAINT `auth_group_permissions_group_id_b120cbf9_fk_auth_group_id` FOREIGN KEY (`group_id`) REFERENCES `auth_group` (`id`);

--
-- Constraints for table `auth_permission`
--
ALTER TABLE `auth_permission`
  ADD CONSTRAINT `auth_permission_content_type_id_2f476e4b_fk_django_co` FOREIGN KEY (`content_type_id`) REFERENCES `django_content_type` (`id`);

--
-- Constraints for table `django_admin_log`
--
ALTER TABLE `django_admin_log`
  ADD CONSTRAINT `django_admin_log_content_type_id_c4bce8eb_fk_django_co` FOREIGN KEY (`content_type_id`) REFERENCES `django_content_type` (`id`),
  ADD CONSTRAINT `django_admin_log_user_id_c564eba6_fk_user_customuser_id` FOREIGN KEY (`user_id`) REFERENCES `user_customuser` (`id`);

--
-- Constraints for table `user_customuser_groups`
--
ALTER TABLE `user_customuser_groups`
  ADD CONSTRAINT `user_customuser_grou_customuser_id_192632a7_fk_user_cust` FOREIGN KEY (`customuser_id`) REFERENCES `user_customuser` (`id`),
  ADD CONSTRAINT `user_customuser_groups_group_id_bcbc9e48_fk_auth_group_id` FOREIGN KEY (`group_id`) REFERENCES `auth_group` (`id`);

--
-- Constraints for table `user_customuser_user_permissions`
--
ALTER TABLE `user_customuser_user_permissions`
  ADD CONSTRAINT `user_customuser_user_customuser_id_4552d9cc_fk_user_cust` FOREIGN KEY (`customuser_id`) REFERENCES `user_customuser` (`id`),
  ADD CONSTRAINT `user_customuser_user_permission_id_e57e8b9a_fk_auth_perm` FOREIGN KEY (`permission_id`) REFERENCES `auth_permission` (`id`);
COMMIT;

/*!40101 SET CHARACTER_SET_CLIENT=@OLD_CHARACTER_SET_CLIENT */;
/*!40101 SET CHARACTER_SET_RESULTS=@OLD_CHARACTER_SET_RESULTS */;
/*!40101 SET COLLATION_CONNECTION=@OLD_COLLATION_CONNECTION */;
